question,intent,answer
sinh thiết là gì,sinh_thiet,"Sinh thiết là một thủ thuật khá phổ biến, trong đó bác sĩ sẽ lấy một mẫu mô nhỏ để kiểm tra dưới kính hiển vi nhằm xác định chính xác tình trạng tổn thương."
sinh thiết dùng để làm gì,sinh_thiet,"Thực ra sinh thiết giúp bác sĩ làm rõ chẩn đoán, đặc biệt khi cần biết khối u là lành tính hay có dấu hiệu bất thường."
khi nào cần làm sinh thiết,sinh_thiet,"Tùy từng trường hợp, bác sĩ sẽ chỉ định sinh thiết khi cần đánh giá kỹ hơn một vùng nghi ngờ"
tại sao phải sinh thiết,sinh_thiet,"Khi các phương pháp khác chưa đủ rõ ràng, sinh thiết sẽ giúp xác định chính xác bản chất tổn thương"
sinh thiết có đau không,sinh_thiet,"Thông thường sinh thiết chỉ gây khó chịu nhẹ và sẽ được thực hiện với biện pháp giảm đau phù hợp"
sinh thiết có nguy hiểm không,sinh_thiet,"Đây là thủ thuật khá an toàn, tuy nhiên vẫn có thể có rủi ro nhỏ như chảy máu nhẹ"
có cần nhịn ăn trước sinh thiết không,sinh_thiet,"Tùy loại sinh thiết mà bác sĩ có thể yêu cầu bạn nhịn ăn trước khi thực hiện"
trước khi sinh thiết cần chuẩn bị gì,sinh_thiet,"Bạn nên làm theo hướng dẫn của bác sĩ, có thể bao gồm xét nghiệm hoặc ngưng một số thuốc"
sau sinh thiết có cần kiêng không,sinh_thiet,"Sau sinh thiết, bạn nên hạn chế vận động mạnh và theo dõi vị trí lấy mẫu trong vài ngày"
sinh thiết xong có cần nằm viện không,sinh_thiet,"Phần lớn trường hợp không cần nằm viện và có thể về trong ngày nếu ổn định"
sinh thiết thường mất bao lâu,sinh_thiet,"Thời gian chờ kết quả sinh thiết thường dao động từ 1 – 3 ngày (nhanh) đến 2 tuần (phức tạp), tùy thuộc vào loại mô, phương pháp lấy mẫu và yêu cầu xét nghiệm bổ sung. Thời gian thực hiện thủ thuật lấy mẫu chỉ kéo dài vài phút đến hơn 1 tiếng, sau đó bệnh nhân có thể về trong ngày"
kết quả sinh thiết là gì,kq_sinh_thiet,"Kết quả sinh thiết sẽ cho biết tình trạng tế bào trong mẫu và giúp bác sĩ đánh giá tổn thương là lành hay có bất thường"
kết quả sinh thiết âm tính là sao,kq_sinh_thiet,"Kết quả âm tính thường cho thấy chưa phát hiện tế bào bất thường, tuy nhiên vẫn cần theo dõi nếu có nghi ngờ"
kết quả sinh thiết dương tính là gì,kq_sinh_thiet,"Kết quả dương tính có thể cho thấy có tế bào bất thường và bác sĩ sẽ tư vấn hướng xử lý tiếp theo"
đọc kết quả sinh thiết như thế nào,kq_sinh_thiet,"Bạn nên trao đổi trực tiếp với bác sĩ để được giải thích chi tiết vì kết quả có nhiều thuật ngữ chuyên môn"
kết quả không điển hình là gì,kq_sinh_thiet,"Điều này có nghĩa là mẫu có thay đổi nhưng chưa đủ cơ sở để kết luận rõ ràng"
kết quả có chính xác không,kq_sinh_thiet,"Sinh thiết có độ chính xác cao nhưng vẫn phụ thuộc vào chất lượng và vị trí mẫu lấy"
có cần làm lại sinh thiết không,kq_sinh_thiet,"Trong một số trường hợp, bác sĩ có thể đề nghị làm lại để xác nhận kết quả"
kết quả có thể sai không,kq_sinh_thiet,"Khả năng sai là thấp nhưng có thể xảy ra nếu mẫu không đại diện hoặc bị ảnh hưởng trong quá trình xử lý"
khi nào cần xét nghiệm lại,kq_sinh_thiet,"Xét nghiệm lại thường được cân nhắc khi kết quả chưa rõ hoặc không phù hợp với triệu chứng lâm sàng"
kết quả có thay đổi không,kq_sinh_thiet,"Kết quả có thể thay đổi nếu thực hiện thêm các xét nghiệm chuyên sâu hơn"

mẫu sinh thiết được xử lý như thế nào,xu_ly_mau,"Sau khi lấy, mẫu sẽ được xử lý và nhuộm trước khi quan sát dưới kính hiển vi"
quy trình xét nghiệm mô bệnh học ra sao,xu_ly_mau,"Mẫu bệnh phẩm sẽ trải qua nhiều bước phân tích để đưa ra kết luận chính xác"
mô sau khi lấy được làm gì,xu_ly_mau,"Mẫu sẽ được gửi đến phòng xét nghiệm để đánh giá cấu trúc tế bào"
tại sao phải nhuộm mẫu,xu_ly_mau,"Nhuộm giúp làm nổi bật các thành phần của tế bào để dễ quan sát hơn"
mẫu có được bảo quản không,xu_ly_mau,"Mẫu thường được lưu giữ trong một thời gian để phục vụ kiểm tra lại khi cần"
mẫu bị hỏng là sao,xu_ly_mau,"Mẫu có thể bị ảnh hưởng nếu bảo quản hoặc xử lý không đúng quy trình"
mẫu không đạt là gì,xu_ly_mau,"Đó là khi mẫu không đủ hoặc không đúng vị trí cần phân tích"
có cần lấy lại mẫu không,xu_ly_mau,"Nếu mẫu không đạt, bác sĩ có thể yêu cầu lấy lại để đảm bảo kết quả chính xác"
làm sao tránh hỏng mẫu,xu_ly_mau,"Việc tuân thủ đúng quy trình sẽ giúp hạn chế nguy cơ hỏng mẫu"
mẫu được lưu bao lâu,xu_ly_mau,"Thời gian lưu mẫu tùy theo quy định của cơ sở y tế"

hóa mô miễn dịch là gì,ihc,"Hóa mô miễn dịch là một kỹ thuật giúp xác định loại tế bào dựa trên các dấu ấn đặc hiệu"
ihc là gì,ihc,"Đây là phương pháp hỗ trợ chẩn đoán khi kết quả thông thường chưa đủ rõ"
xét nghiệm ihc dùng để làm gì,ihc,"IHC giúp bác sĩ phân biệt các loại tế bào và xác định nguồn gốc tổn thương"
khi nào cần làm ihc,ihc,"Phương pháp này thường được chỉ định trong các trường hợp cần quyết định chẩn đoán"
tại sao bác sĩ chỉ định ihc,ihc,"Bác sĩ có thể chỉ định IHC để làm rõ bản chất của tế bào nghi ngờ"
ihc có quan trọng không,ihc,"IHC đóng vai trò quan trọng trong nhiều trường hợp chẩn đoán ung thư"
ihc có bắt buộc không,ihc,"Không phải trường hợp nào cũng cần làm IHC mà tùy vào kết quả ban đầu"
khi nào cần nhuộm thêm,ihc,"Nhuộm thêm được thực hiện khi cần phân tích sâu hơn về mô"
ihc có chính xác không,ihc,"IHC có độ chính xác cao khi được thực hiện đúng kỹ thuật"
ihc giúp gì trong chẩn đoán,ihc,"Phương pháp này giúp định hướng chẩn đoán và điều trị hiệu quả hơn"

đọc kết quả giải phẫu bệnh như thế nào,doc_kq_gpb,"Kết quả thường mô tả loại tổn thương và đặc điểm tế bào, bạn nên nhờ bác sĩ giải thích cụ thể"
hiểu phiếu gp bệnh ra sao,doc_kq_gpb,"Do có nhiều thuật ngữ chuyên môn nên việc trao đổi với bác sĩ là rất cần thiết"
kết quả gp bệnh có những gì,doc_kq_gpb,"Báo cáo thường bao gồm phần mô tả và kết luận chẩn đoán"
cách xem kết quả mô bệnh học,doc_kq_gpb,"Thông tin trong kết quả giúp định hướng chẩn đoán và điều trị"
kết quả có ý nghĩa gì,doc_kq_gpb,"Kết quả là cơ sở quan trọng để đánh giá tình trạng bệnh"
bác sĩ dựa vào kết quả làm gì,doc_kq_gpb,"Bác sĩ sẽ dựa vào đó để đưa ra hướng điều trị phù hợp"
kết quả ảnh hưởng điều trị không,doc_kq_gpb,"Kết quả có ảnh hưởng trực tiếp đến quyết định điều trị"
có cần hỏi lại bác sĩ không,doc_kq_gpb,"Nếu chưa hiểu rõ, bạn nên trao đổi lại để được giải thích cụ thể"
kết quả có quan trọng không,doc_kq_gpb,"Đây là yếu tố then chốt trong chẩn đoán bệnh"
tại sao cần gp bệnh,doc_kq_gpb,"Giải phẫu bệnh giúp xác định chính xác bản chất tổn thương"

tế bào bất thường là gì,te_bao_bat_thuong,"Tế bào bất thường là những tế bào có thay đổi so với bình thường nhưng không phải lúc nào cũng là ung thư."
tế bào lạ nghĩa là sao,te_bao_bat_thuong,"Nhiều trường hợp chỉ là phản ứng viêm hoặc kích thích, tuy nhiên vẫn cần theo dõi."
tế bào biến đổi có nguy hiểm không,te_bao_bat_thuong,"Tùy mức độ thay đổi mà bác sĩ sẽ đánh giá nguy cơ cụ thể."
tế bào khác thường là gì,te_bao_bat_thuong,"Bác sĩ sẽ xem xét đặc điểm tế bào để đưa ra nhận định phù hợp."
tế bào không bình thường là sao,te_bao_bat_thuong,"Có thể cần làm thêm xét nghiệm để xác định rõ hơn."
tế bào ác tính là gì,te_bao_bat_thuong,"Đây là những tế bào có khả năng phát triển không kiểm soát."
tế bào lành tính là gì,te_bao_bat_thuong,"Tế bào lành tính thường phát triển chậm và không lan rộng."
tế bào viêm là gì,te_bao_bat_thuong,"Tế bào viêm xuất hiện khi cơ thể phản ứng với tổn thương hoặc nhiễm trùng."
viêm cấp là gì,te_bao_bat_thuong,"Viêm cấp là phản ứng nhanh của cơ thể với tác nhân gây hại."
viêm mạn là gì,te_bao_bat_thuong,"Viêm mạn là tình trạng viêm kéo dài và cần theo dõi."

u lành tính là gì,u_lanh_tinh,"U lành tính là khối u phát triển chậm và thường không lan sang cơ quan khác."
u lành có nguy hiểm không,u_lanh_tinh,"Phần lớn không nguy hiểm nhưng vẫn nên theo dõi định kỳ."
u lành có phải ung thư không,u_lanh_tinh,"U lành không phải là ung thư."
u lành có cần điều trị không,u_lanh_tinh,"Tùy trường hợp, bác sĩ có thể chỉ định theo dõi hoặc can thiệp."
u lành có tự hết không,u_lanh_tinh,"Thông thường u lành không tự biến mất hoàn toàn."

u ác tính là gì,u_ac_tinh,"U ác tính là khối u có khả năng xâm lấn và lan sang các cơ quan khác."
u ác có nguy hiểm không,u_ac_tinh,"Đây là tình trạng cần được theo dõi và điều trị sớm."
u ác có lan không,u_ac_tinh,"U ác tính có thể di căn nếu không kiểm soát kịp thời."
u ác có chữa được không,u_ac_tinh,"Khả năng điều trị phụ thuộc vào giai đoạn và loại bệnh."
ung thư khác u ác thế nào,u_ac_tinh,"Thuật ngữ ung thư thường dùng để chỉ các khối u ác tính."

ung thư là gì,ung_thu,"Ung thư là tình trạng tế bào phát triển không kiểm soát và có thể lan rộng."
ung thư có nguy hiểm không,ung_thu,"Mức độ nguy hiểm phụ thuộc vào loại và giai đoạn phát hiện."
ung thư có chữa được không,ung_thu,"Nếu phát hiện sớm, nhiều trường hợp có thể điều trị hiệu quả."
ung thư phát triển như thế nào,ung_thu,"Tế bào ung thư phát triển nhanh và có thể xâm lấn mô xung quanh."
tại sao lại bị ung thư,ung_thu,"Nguyên nhân có thể liên quan đến di truyền, môi trường và lối sống."
ung thư giai đoạn đầu có nguy hiểm không,ung_thu,"Giai đoạn đầu thường có tiên lượng tốt hơn nếu được phát hiện và điều trị sớm."
ung thư có lây không,ung_thu,"Ung thư không phải là bệnh lây truyền từ người sang người."
ung thư có thể sống lâu không,ung_thu,"Nhiều bệnh nhân vẫn có thể sống lâu nếu được điều trị và theo dõi đúng cách."
ung thư có cần điều trị ngay không,ung_thu,"Tùy loại ung thư mà bác sĩ sẽ đưa ra kế hoạch điều trị phù hợp."
ung thư có tái phát không,ung_thu,"Một" số trường hợp có thể tái phát nên cần theo dõi lâu dài."

polyp là gì,polyp,"Polyp là khối tăng sinh bất thường của niêm mạc và đa số là lành tính."
polyp có nguy hiểm không,polyp,"Một số polyp có thể tiến triển thành ung thư nếu không xử lý."
polyp có phải ung thư không,polyp,"Không phải tất cả polyp đều là ung thư nhưng cần kiểm tra kỹ."
có cần cắt polyp không,polyp,"Việc cắt polyp giúp giảm nguy cơ biến chứng về sau."
polyp có tự mất không,polyp,"Phần lớn polyp không tự mất nên cần theo dõi hoặc xử lý."

bao lâu có kết quả sinh thiết,thoi_gian_kq,"Kết quả thường có sau vài ngày tùy loại xét nghiệm."
xét nghiệm gp bệnh mất bao lâu,thoi_gian_kq,"Thời gian có thể thay đổi nếu cần làm thêm kỹ thuật chuyên sâu."
khi nào có kết quả,thoi_gian_kq,"Bạn nên hỏi trực tiếp nơi xét nghiệm để biết thời gian cụ thể."
thời gian trả kết quả là bao lâu,thoi_gian_kq,"Thông thường sẽ mất vài ngày để hoàn thành."
kết quả có lâu không,thoi_gian_kq,"Kết quả không có ngay vì cần thời gian xử lý và phân tích mẫu."

bao lâu nên kiểm tra lại, tai_kham,"Bác sĩ sẽ hẹn thời gian kiểm tra lại tùy vào tình trạng cụ thể của bạn."
có cần xét nghiệm lại định kỳ không,tai_kham,"Việc kiểm tra định kỳ giúp theo dõi tiến triển và phát hiện sớm bất thường."
sau bao lâu nên làm lại xét nghiệm,tai_kham,"Tùy từng trường hợp mà thời gian làm lại xét nghiệm sẽ khác nhau."
có cần tái khám nếu không có triệu chứng không,tai_kham,"Dù không có triệu chứng, bạn vẫn nên tái khám theo lịch hẹn."
tái khám có quan trọng không,tai_kham,"Tái khám là bước quan trọng để đảm bảo tình trạng bệnh được kiểm soát tốt."

kết quả này có cần nhập viện không,huong_xu_ly,"Tùy vào mức độ bệnh mà bác sĩ sẽ quyết định có cần nhập viện hay không."
có cần làm thêm xét nghiệm khác không,huong_xu_ly,"Bác sĩ có thể chỉ định thêm xét nghiệm để quyết định chẩn đoán."
trường hợp này nên làm gì tiếp theo,huong_xu_ly,"Bạn nên làm theo hướng dẫn của bác sĩ sau khi có kết quả."
có cần gặp bác sĩ chuyên khoa không,huong_xu_ly,"Nếu cần thiết, bạn sẽ được giới thiệu đến bác sĩ chuyên khoa phù hợp."
có cần điều trị ngay không,huong_xu_ly,"Tùy vào kết quả mà bác sĩ sẽ quyết định thời điểm điều trị."

viêm dạ dày là gì,benh_viem,"Viêm dạ dày là tình trạng niêm mạc dạ dày bị tổn thương, thường do vi khuẩn hoặc chế độ ăn uống. Đây là bệnh khá phổ biến nên bạn cũng không cần quá lo nếu được phát hiện sớm."
viêm dạ dày có nguy hiểm không,benh_viem,"Thông thường viêm dạ dày không quá nguy hiểm, nhưng nếu để kéo dài thì có thể gây biến chứng. Bạn nên điều trị sớm và theo dõi theo hướng dẫn của bác sĩ."
viêm dạ dày có cần sinh thiết không,benh_viem,"Không phải trường hợp nào cũng cần sinh thiết, nhưng nếu có dấu hiệu nghi ngờ thì bác sĩ sẽ chỉ định để kiểm tra kỹ hơn."
viêm dạ dày có thể khỏi không,benh_viem,"Phần lớn viêm dạ dày có thể cải thiện tốt nếu điều trị đúng và thay đổi thói quen ăn uống, sinh hoạt."
viêm dạ dày có thành ung thư không,benh_viem,"Một số trường hợp viêm kéo dài có thể làm tăng nguy cơ, nhưng không phải ai cũng tiến triển như vậy nên bạn không cần quá lo."

polyp đại tràng là gì,polyp_dai_trang,"Polyp đại tràng là những khối nhỏ mọc trong lòng ruột, đa số là lành tính nên bạn có thể yên tâm phần nào."
polyp đại tràng có nguy hiểm không,polyp_dai_trang,"Đa phần polyp không nguy hiểm ngay, nhưng một số loại có thể phát triển theo thời gian nên bác sĩ thường khuyên theo dõi hoặc xử lý sớm."
polyp đại tràng có cần cắt không,polyp_dai_trang,"Trong nhiều trường hợp, bác sĩ sẽ khuyến nghị cắt polyp để phòng ngừa nguy cơ về sau, đặc biệt nếu polyp có kích thước lớn."
polyp đại tràng có tái phát không,polyp_dai_trang,"Polyp có thể tái phát nên sau khi xử lý bạn vẫn cần kiểm tra định kỳ để đảm bảo an toàn."
polyp đại tràng có triệu chứng không,polyp_dai_trang,"Nhiều trường hợp polyp không gây triệu chứng rõ ràng và chỉ được phát hiện khi nội soi."

ung thư dạ dày là gì,ung_thu_da_day,"Ung thư dạ dày là tình trạng tế bào phát triển bất thường trong dạ dày. Tuy nhiên, mức độ còn phụ thuộc vào giai đoạn nên bạn không nên quá hoang mang."
ung thư dạ dày có chữa được không,ung_thu_da_day,"Nếu phát hiện ở giai đoạn sớm thì khả năng điều trị sẽ tốt hơn rất nhiều, nên việc kiểm tra kịp thời là rất quan trọng."
ung thư dạ dày có triệu chứng gì,ung_thu_da_day,"Giai đoạn đầu thường không có triệu chứng rõ ràng, vì vậy nếu có dấu hiệu bất thường kéo dài bạn nên đi khám sớm."
ung thư dạ dày có lây không,ung_thu_da_day,"Ung thư không phải là bệnh lây nên bạn có thể yên tâm về vấn đề này."
ung thư dạ dày phát hiện bằng cách nào,ung_thu_da_day,"Thông thường bác sĩ sẽ nội soi và có thể sinh thiết để xác định chính xác tình trạng."

u tuyến giáp là gì,u_tuyen_giap,"U tuyến giáp là khối bất thường ở vùng cổ, nhưng thực tế đa số là lành tính nên bạn cũng không cần quá lo lắng."
u tuyến giáp có nguy hiểm không,u_tuyen_giap,"Phần lớn u tuyến giáp không nguy hiểm, tuy nhiên vẫn cần kiểm tra để loại trừ những trường hợp cần điều trị."
u tuyến giáp có cần mổ không,u_tuyen_giap,"Không phải u nào cũng cần mổ, bác sĩ sẽ cân nhắc dựa trên kích thước và đặc điểm của khối u."
u tuyến giáp có tự hết không,u_tuyen_giap,"U tuyến giáp thường không tự biến mất nên cần theo dõi định kỳ để kiểm soát tình trạng."
u tuyến giáp có cần sinh thiết không,u_tuyen_giap,"Trong một số trường hợp, sinh thiết sẽ giúp xác định rõ bản chất của khối u để có hướng xử lý phù hợp."

viêm gan là gì,benh_viem,"Viêm gan là tình trạng gan bị tổn thương do virus hoặc các nguyên nhân khác. Bệnh này khá phổ biến nên bạn không cần quá lo nếu được theo dõi tốt."
viêm gan có nguy hiểm không,benh_viem,"Mức độ nguy hiểm sẽ phụ thuộc vào nguyên nhân và giai đoạn, nhưng nhiều trường hợp có thể kiểm soát tốt."
viêm gan có chữa được không,benh_viem,"Một số loại viêm gan có thể điều trị hoặc kiểm soát hiệu quả nếu phát hiện sớm."
viêm gan có cần sinh thiết không,benh_viem,"Chỉ một số trường hợp bác sĩ mới chỉ định sinh thiết để đánh giá mức độ tổn thương gan."
viêm gan có tiến triển thành ung thư không,benh_viem,"Viêm gan mạn tính có thể làm tăng nguy cơ, nên việc theo dõi định kỳ là rất quan trọng."

ung thư vú là gì,ung_thu_vu,"Ung thư vú là bệnh lý ác tính ở tuyến vú, nhưng nếu phát hiện sớm thì khả năng điều trị thường rất khả quan."
ung thư vú có chữa được không,ung_thu_vu,"Nhiều trường hợp có thể điều trị tốt, đặc biệt khi phát hiện ở giai đoạn sớm."
ung thư vú có di truyền không,ung_thu_vu,"Một số trường hợp có yếu tố di truyền, nhưng không phải ai cũng bị ảnh hưởng."
ung thư vú có cần sinh thiết không,ung_thu_vu,"Sinh thiết là bước quan trọng để xác định chính xác chẩn đoán."
ung thư vú có triệu chứng gì,ung_thu_vu,"Có thể xuất hiện khối bất thường hoặc thay đổi ở vú, nhưng cần khám để xác định rõ."

u phần mềm là gì,u_phan_mem,"U phần mềm là khối u xuất phát từ mô như cơ hoặc mỡ, đa số là lành tính nên bạn không cần quá lo."
u phần mềm có nguy hiểm không,u_phan_mem,"Phần lớn không nguy hiểm, nhưng vẫn cần kiểm tra để loại trừ trường hợp ác tính."
u phần mềm có cần sinh thiết không,u_phan_mem,"Sinh thiết giúp xác định rõ bản chất của khối u trong những trường hợp nghi ngờ."
u phần mềm có phát triển nhanh không,u_phan_mem,"Tốc độ phát triển sẽ khác nhau tùy loại u nên cần theo dõi cụ thể."
u phần mềm có cần mổ không,u_phan_mem,"Bác sĩ sẽ cân nhắc mổ hay theo dõi tùy vào tình trạng cụ thể."

ung thư gan là gì,ung_thu_gan,"Ung thư gan là bệnh lý ác tính của gan, thường liên quan đến viêm gan kéo dài. Tuy nhiên, mức độ còn phụ thuộc vào giai đoạn phát hiện."
ung thư gan có nguy hiểm không,ung_thu_gan,"Đây là bệnh nghiêm trọng nhưng nếu phát hiện sớm vẫn có thể kiểm soát tốt."
ung thư gan có chữa được không,ung_thu_gan,"Khả năng điều trị phụ thuộc vào giai đoạn, nên việc phát hiện sớm rất quan trọng."
ung thư gan phát hiện bằng cách nào,ung_thu_gan,"Bác sĩ thường dùng xét nghiệm hình ảnh và sinh thiết để chẩn đoán chính xác."
ung thư gan có triệu chứng gì,ung_thu_gan,"Triệu chứng thường không rõ ràng ở giai đoạn đầu nên cần kiểm tra định kỳ nếu có nguy cơ."

ung thư phổi là gì,ung_thu_phoi,"Ung thư phổi là bệnh lý ác tính xuất phát từ phổi, tuy nhiên mức độ sẽ khác nhau tùy từng giai đoạn."
ung thư phổi có nguy hiểm không,ung_thu_phoi,"Đây là bệnh nghiêm trọng nhưng nếu phát hiện sớm thì vẫn có cơ hội điều trị tốt."
ung thư phổi có chữa được không,ung_thu_phoi,"Khả năng điều trị sẽ phụ thuộc vào thời điểm phát hiện và tình trạng cụ thể."
ung thư phổi có triệu chứng gì,ung_thu_phoi,"Có thể có ho kéo dài hoặc khó thở, nhưng cần kiểm tra để xác định chính xác."
ung thư phổi có cần sinh thiết không,ung_thu_phoi,"Sinh thiết là bước quan trọng giúp xác định chẩn đoán chính xác."

CIN 1 là gì,cin_1,"CIN 1 là thay đổi nhẹ ở tế bào cổ tử cung và thường có thể tự hồi phục."
cin1 có đáng lo không,cin_1,"Trường hợp CIN 1 thường không nguy hiểm nhưng cần theo dõi định kỳ."
bị cin 1 có cần điều trị không,cin_1,"Đa số CIN 1 chưa cần can thiệp mà chỉ cần tái khám theo lịch."

CIN 2 có nguy hiểm không,cin_2,"CIN 2 là mức bất thường trung bình và có thể tiến triển nếu không kiểm soát."
cin2 có phải ung thư không,cin_2,"CIN 2 chưa phải ung thư nhưng đã có dấu hiệu bất thường rõ hơn bình thường."
cin 2 cần làm gì tiếp theo,cin_2,"Với CIN 2 bác sĩ thường cân nhắc theo dõi hoặc điều trị tùy tình trạng."

CIN 3 là gì,cin_3,"CIN 3 là tổn thương nặng với nguy cơ cao chuyển thành ung thư nếu không xử lý."
cin3 có chữa được không,cin_3,"Nếu phát hiện sớm CIN 3 vẫn có thể điều trị hiệu quả."
cin 3 có cần mổ không,cin_3,"Nhiều trường hợp CIN 3 cần can thiệp để ngăn tiến triển xấu."

kết quả ghi là lành tính nghĩa là gì,giai_thich_ket_qua,"Điều này có nghĩa là tổn thương không phải ung thư, bạn có thể yên tâm phần nào. Tuy nhiên, bác sĩ vẫn có thể khuyên theo dõi định kỳ."
kết quả ghi ác tính là sao,giai_thich_ket_qua,"Kết quả ác tính cho thấy có tế bào ung thư, nhưng bạn cũng không nên quá hoang mang vì còn phụ thuộc vào giai đoạn để điều trị."
kết quả ghi nghi ngờ là gì,giai_thich_ket_qua,"Nghi ngờ nghĩa là chưa đủ cơ sở kết luận rõ ràng, bác sĩ có thể sẽ chỉ định làm thêm xét nghiệm."
kết quả ghi không điển hình là sao,giai_thich_ket_qua,"Điều này cho thấy có thay đổi bất thường nhưng chưa xác định rõ bản chất, thường cần theo dõi thêm."
kết quả ghi bình thường có chắc chắn không,giai_thich_ket_qua,"Kết quả bình thường là tín hiệu tốt, nhưng nếu còn triệu chứng thì bạn vẫn nên theo dõi thêm."

kết quả ghi viêm nhẹ nghĩa là gì,giai_thich_ket_qua,"Viêm nhẹ thường không nghiêm trọng và có thể cải thiện nếu điều trị đúng cách."
kết quả ghi viêm mạn tính là sao,giai_thich_ket_qua,"Viêm mạn tính là tình trạng kéo dài, cần theo dõi và điều trị để tránh biến chứng."
kết quả ghi viêm cấp là gì,giai_thich_ket_qua,"Viêm cấp là phản ứng nhanh của cơ thể, thường có thể điều trị và cải thiện trong thời gian ngắn."
kết quả ghi tăng sinh là gì,giai_thich_ket_qua,"Tăng sinh là sự phát triển nhiều hơn bình thường của tế bào, chưa hẳn là nguy hiểm nhưng cần theo dõi."
kết quả ghi loạn sản là gì,giai_thich_ket_qua,"Loạn sản là tình trạng tế bào phát triển bất thường, có thể là giai đoạn sớm trước ung thư nên cần theo dõi kỹ."

kết quả ghi carcinoma là gì,giai_thich_ket_qua,"Carcinoma là một dạng ung thư xuất phát từ tế bào biểu mô, cần được bác sĩ đánh giá và điều trị sớm."
kết quả ghi adenoma là gì,giai_thich_ket_qua,"Adenoma thường là khối u lành tính nhưng một số trường hợp có thể tiến triển nên cần theo dõi."
kết quả ghi dysplasia là gì,giai_thich_ket_qua,"Dysplasia là tình trạng tế bào bất thường, chưa phải ung thư nhưng có nguy cơ nếu kéo dài."
kết quả ghi hyperplasia là gì,giai_thich_ket_qua,"Hyperplasia là sự tăng số lượng tế bào, thường là phản ứng của cơ thể và không phải lúc nào cũng nguy hiểm."
kết quả ghi atypia là gì,giai_thich_ket_qua,"Atypia nghĩa là tế bào có hình dạng khác thường, cần đánh giá thêm để xác định mức độ nguy cơ."

kết quả ghi âm tính là sao,giai_thich_ket_qua,"Âm tính thường là không phát hiện bất thường, đây là dấu hiệu tốt nhưng vẫn cần theo dõi nếu có triệu chứng."
kết quả ghi dương tính là gì,giai_thich_ket_qua,"Dương tính cho thấy có dấu hiệu bất thường, bác sĩ sẽ giải thích cụ thể và hướng xử lý tiếp theo."
kết quả ghi borderline là gì,giai_thich_ket_qua,"Borderline là mức ranh giới, chưa rõ là lành hay ác nên thường cần theo dõi thêm."
kết quả ghi tổn thương lành là gì,giai_thich_ket_qua,"Tổn thương lành thường không nguy hiểm nhưng vẫn nên kiểm tra định kỳ."
kết quả ghi tổn thương nghi ngờ là sao,giai_thich_ket_qua,"Điều này có nghĩa là cần thêm thông tin để kết luận chính xác hơn."

kết quả ghi hoại tử là gì,giai_thich_ket_qua,"Hoại tử là tình trạng mô bị chết, có thể do nhiều nguyên nhân và cần đánh giá thêm."
kết quả ghi xơ hóa là sao,giai_thich_ket_qua,"Xơ hóa là tình trạng mô bị thay thế bởi mô xơ, thường gặp trong các bệnh mạn tính."
kết quả ghi xuất huyết là gì,giai_thich_ket_qua,"Xuất huyết là hiện tượng chảy máu trong mô, cần xem xét nguyên nhân cụ thể."
kết quả ghi phù nề là sao,giai_thich_ket_qua,"Phù nề là tình trạng mô bị sưng do tích tụ dịch, thường liên quan đến viêm."
kết quả ghi thâm nhiễm là gì,giai_thich_ket_qua,"Thâm nhiễm là sự xâm nhập của tế bào vào mô, có thể gặp trong viêm hoặc ung thư."

kết quả ghi không thấy tế bào ác tính là gì,giai_thich_ket_qua,"Điều này có nghĩa là chưa phát hiện tế bào ung thư trong mẫu, đây là tín hiệu tích cực."
kết quả ghi có tế bào bất thường là sao,giai_thich_ket_qua,"Có tế bào bất thường không đồng nghĩa với ung thư, nhưng cần theo dõi thêm."
kết quả ghi tế bào nghi ngờ là gì,giai_thich_ket_qua,"Điều này cho thấy có dấu hiệu chưa rõ ràng và cần làm thêm xét nghiệm."
kết quả ghi mẫu không đủ là sao,giai_thich_ket_qua,"Mẫu không đủ có nghĩa là chưa thể kết luận, có thể cần lấy lại mẫu."
kết quả ghi không đánh giá được là gì,giai_thich_ket_qua,"Điều này thường xảy ra khi mẫu không đạt chất lượng để phân tích."

kết quả ghi grade là gì,giai_thich_ket_qua,"Grade là mức độ biệt hóa của tế bào, giúp đánh giá độ ác tính của khối u."
kết quả ghi stage là gì,giai_thich_ket_qua,"Stage là giai đoạn bệnh, cho biết mức độ lan rộng của ung thư."
kết quả ghi giai đoạn sớm là gì,giai_thich_ket_qua,"Giai đoạn sớm thường có tiên lượng tốt hơn và dễ điều trị hơn."
kết quả ghi giai đoạn muộn là sao,giai_thich_ket_qua,"Giai đoạn muộn thường phức tạp hơn nhưng vẫn có phương án điều trị phù hợp."
kết quả ghi di căn là gì,giai_thich_ket_qua,"Di căn là khi tế bào ung thư lan sang cơ quan khác."

kết quả ghi cần theo dõi là sao,giai_thich_ket_qua,"Điều này có nghĩa là chưa cần điều trị ngay nhưng cần kiểm tra định kỳ."
kết quả ghi cần kiểm tra lại là gì,giai_thich_ket_qua,"Bác sĩ muốn xác nhận lại kết quả hoặc theo dõi thêm diễn tiến."
kết quả ghi cần làm thêm xét nghiệm là sao,giai_thich_ket_qua,"Có thể cần thêm thông tin để đưa ra chẩn đoán chính xác hơn."
kết quả ghi chưa kết luận là gì,giai_thich_ket_qua,"Chưa kết luận nghĩa là cần thêm dữ liệu trước khi đưa ra chẩn đoán cuối cùng."
kết quả ghi phù hợp với là gì,giai_thich_ket_qua,"Điều này cho thấy kết quả phù hợp với một chẩn đoán nào đó nhưng cần xem xét thêm lâm sàng."

kết quả ghi nghi ung thư là sao,giai_thich_ket_qua,"Điều này cho thấy có dấu hiệu nghi ngờ, nhưng cần thêm xét nghiệm để xác định chắc chắn."
kết quả ghi không loại trừ là gì,giai_thich_ket_qua,"Không loại trừ nghĩa là vẫn có khả năng xảy ra và cần theo dõi thêm."
kết quả ghi hướng đến là gì,giai_thich_ket_qua,"Kết quả gợi ý một chẩn đoán nhưng chưa đủ để kết luận chắc chắn."
kết quả ghi phù hợp viêm là gì,giai_thich_ket_qua,"Điều này cho thấy tổn thương có đặc điểm giống viêm, thường không quá nguy hiểm."
kết quả ghi tổn thương mạn tính là gì,giai_thich_ket_qua,"Đây là tình trạng kéo dài và cần theo dõi hoặc điều trị tùy nguyên nhân."

kết quả ghi biểu mô tăng sinh là gì,giai_thich_ket_qua,"Điều này có nghĩa là lớp biểu mô đang phát triển nhiều hơn bình thường, đa số là phản ứng lành tính, bác sĩ thường sẽ theo dõi thêm."
kết quả ghi viêm mức độ nhẹ nghĩa là sao,giai_thich_ket_qua,"Trường hợp này chỉ là viêm nhẹ, thường không đáng lo và có thể cải thiện tốt với điều trị đơn giản."
kết quả ghi tổn thương chưa điển hình là gì,giai_thich_ket_qua,"Tổn thương chưa điển hình nghĩa là chưa đủ rõ để kết luận, nên thường cần theo dõi hoặc kiểm tra lại."
kết quả ghi có phản ứng viêm là sao,giai_thich_ket_qua,"Điều này cho thấy cơ thể đang phản ứng với một tác nhân nào đó, thường là vi khuẩn hoặc kích thích kéo dài."
kết quả ghi biến đổi cấu trúc mô là gì,giai_thich_ket_qua,"Cấu trúc mô bị thay đổi cho thấy vùng đó không còn hoàn toàn bình thường, bác sĩ sẽ đánh giá thêm nguyên nhân."

kết quả ghi tổ chức xơ tăng là sao,giai_thich_ket_qua,"Tổ chức xơ tăng thường do quá trình viêm kéo dài, cơ thể tạo mô xơ để thay thế vùng tổn thương."
kết quả ghi có hiện tượng thoái hóa là gì,giai_thich_ket_qua,"Thoái hóa là khi tế bào bị suy giảm chức năng, thường liên quan đến bệnh lý mạn tính."
kết quả ghi có tế bào viêm rải rác là sao,giai_thich_ket_qua,"Điều này cho thấy có viêm nhẹ, các tế bào viêm xuất hiện nhưng không tập trung nhiều."
kết quả ghi tổn thương khu trú nhỏ là gì,giai_thich_ket_qua,"Tổn thương khu trú nhỏ nghĩa là chỉ giới hạn trong một vùng nhỏ, chưa lan rộng nên thường dễ kiểm soát."
kết quả ghi mô có dấu hiệu phục hồi là sao,giai_thich_ket_qua,"Đây là tín hiệu tích cực vì mô đang có xu hướng hồi phục sau tổn thương."

kết quả ghi tăng hoạt động tế bào là gì,giai_thich_ket_qua,"Tăng hoạt động tế bào cho thấy mô đang phản ứng mạnh, có thể do viêm hoặc kích thích."
kết quả ghi tổn thương dạng nang là sao,giai_thich_ket_qua,"Dạng nang thường là cấu trúc chứa dịch, đa số là lành tính nhưng vẫn cần theo dõi."
kết quả ghi mô bị biến dạng nhẹ là gì,giai_thich_ket_qua,"Biến dạng nhẹ thường chưa nghiêm trọng, nhưng vẫn cần theo dõi để tránh tiến triển thêm."
kết quả ghi tế bào sắp xếp không đều là sao,giai_thich_ket_qua,"Sự sắp xếp không đều cho thấy mô bị thay đổi cấu trúc, cần xem xét thêm để xác định nguyên nhân."
kết quả ghi có hiện tượng tái tạo mô là gì,giai_thich_ket_qua,"Tái tạo mô là quá trình cơ thể tự sửa chữa sau tổn thương, thường là dấu hiệu tốt."

kết quả ghi vùng mô dày lên là sao,giai_thich_ket_qua,"Mô dày lên thường do tăng sinh hoặc viêm, bác sĩ sẽ đánh giá để phân biệt rõ hơn."
kết quả ghi mô bị tổn thương nhẹ là gì,giai_thich_ket_qua,"Tổn thương nhẹ thường không nguy hiểm và có thể hồi phục nếu điều trị đúng."
kết quả ghi có dấu hiệu kích thích kéo dài là sao,giai_thich_ket_qua,"Điều này cho thấy mô đã bị ảnh hưởng trong thời gian dài, cần tìm nguyên nhân để xử lý."
kết quả ghi tổn thương dạng viêm là gì,giai_thich_ket_qua,"Đây là dạng tổn thương phổ biến, thường liên quan đến viêm và có thể điều trị được."
kết quả ghi mô có phản ứng miễn dịch là sao,giai_thich_ket_qua,"Phản ứng miễn dịch cho thấy cơ thể đang chống lại tác nhân lạ, thường không quá nguy hiểm."

kết quả ghi mô bị kích thích là gì,giai_thich_ket_qua,"Mô bị kích thích thường do tác động từ môi trường hoặc viêm, cần theo dõi thêm."
kết quả ghi có sự thay đổi tế bào nhẹ là sao,giai_thich_ket_qua,"Thay đổi nhẹ thường chưa đáng lo, nhưng vẫn cần theo dõi định kỳ."
kết quả ghi mô còn bảo tồn cấu trúc là gì,giai_thich_ket_qua,"Đây là dấu hiệu tốt vì mô vẫn giữ được cấu trúc bình thường."
kết quả ghi có biểu hiện bất thường nhẹ là sao,giai_thich_ket_qua,"Bất thường nhẹ thường không nghiêm trọng, bác sĩ sẽ theo dõi thêm để chắc chắn."
kết quả ghi mô bị ảnh hưởng khu trú là gì,giai_thich_ket_qua,"Chỉ một vùng nhỏ bị ảnh hưởng nên thường dễ kiểm soát hơn."

kết quả ghi chưa thấy dấu hiệu nguy hiểm là sao,giai_thich_ket_qua,"Đây là tín hiệu khá yên tâm vì chưa ghi nhận dấu hiệu nghiêm trọng."
kết quả ghi có tổn thương nhẹ lan tỏa là gì,giai_thich_ket_qua,"Tổn thương lan tỏa nhưng mức độ nhẹ, thường cần theo dõi và điều chỉnh điều trị."
kết quả ghi mô phản ứng là sao,giai_thich_ket_qua,"Mô phản ứng là cách cơ thể đáp lại tác nhân gây kích thích, thường gặp trong viêm."
kết quả ghi cấu trúc mô còn tương đối bình thường là gì,giai_thich_ket_qua,"Điều này cho thấy mô chưa bị biến đổi nhiều, là dấu hiệu khá tốt."
kết quả ghi tổn thương không đáng kể là sao,giai_thich_ket_qua,"Không đáng kể nghĩa là mức độ nhẹ, thường không cần can thiệp nhiều."

kết quả ghi có dấu hiệu hồi phục một phần là gì,giai_thich_ket_qua,"Mô đang hồi phục nhưng chưa hoàn toàn, bạn nên tiếp tục theo dõi theo hướng dẫn."
kết quả ghi mô có biến đổi nhẹ rải rác là sao,giai_thich_ket_qua,"Biến đổi rải rác thường không nghiêm trọng nhưng vẫn cần theo dõi thêm."
kết quả ghi tổn thương mức độ thấp là gì,giai_thich_ket_qua,"Mức độ thấp nghĩa là chưa nặng, thường có thể kiểm soát tốt."
kết quả ghi có phản ứng mô học là sao,giai_thich_ket_qua,"Đây là phản ứng của mô trước tác nhân bất thường, cần xem xét thêm nguyên nhân."
kết quả ghi mô chưa có dấu hiệu xấu là gì,giai_thich_ket_qua,"Đây là tín hiệu tích cực vì chưa ghi nhận dấu hiệu tiến triển xấu."

kết quả ghi mô thay đổi nhẹ theo thời gian là sao,giai_thich_ket_qua,"Sự thay đổi này thường diễn ra chậm và cần theo dõi định kỳ."
kết quả ghi tổn thương có giới hạn là gì,giai_thich_ket_qua,"Tổn thương có giới hạn nghĩa là chưa lan rộng, thường dễ kiểm soát."
kết quả ghi mô bị ảnh hưởng nhẹ là sao,giai_thich_ket_qua,"Ảnh hưởng nhẹ thường không nghiêm trọng và có thể hồi phục."
kết quả ghi chưa ghi nhận bất thường rõ là gì,giai_thich_ket_qua,"Điều này cho thấy chưa có dấu hiệu đáng lo trong mẫu xét nghiệm."
kết quả ghi có thay đổi sinh lý là sao,giai_thich_ket_qua,"Thay đổi sinh lý thường là phản ứng bình thường của cơ thể, không phải bệnh."

kết quả ghi mô ổn định là gì,giai_thich_ket_qua,"Ổn định nghĩa là không có tiến triển xấu, bạn có thể yên tâm theo dõi."
kết quả ghi tổn thương đang cải thiện là sao,giai_thich_ket_qua,"Đây là dấu hiệu tốt vì tình trạng đang dần hồi phục."
kết quả ghi mô không có dấu hiệu ác tính là gì,giai_thich_ket_qua,"Đây là kết quả tích cực vì không phát hiện tế bào ung thư."
kết quả ghi mô có phản ứng nhẹ là sao,giai_thich_ket_qua,"Phản ứng nhẹ thường không đáng lo, chỉ cần theo dõi thêm."
kết quả ghi tổn thương dạng lành tính là gì,giai_thich_ket_qua,"Dạng lành tính thường không nguy hiểm, bạn có thể yên tâm phần nào."

kết quả ghi mô ít thay đổi là sao,giai_thich_ket_qua,"Ít thay đổi nghĩa là gần như bình thường, không có gì đáng lo."
kết quả ghi chưa có dấu hiệu tiến triển là gì,giai_thich_ket_qua,"Điều này cho thấy tình trạng chưa xấu đi, là tín hiệu khá tốt."
kết quả ghi mô đáp ứng tốt là sao,giai_thich_ket_qua,"Mô đáp ứng tốt cho thấy cơ thể đang phản ứng tích cực với điều trị hoặc hồi phục."
kết quả ghi tổn thương nhẹ không đặc hiệu là gì,giai_thich_ket_qua,"Không đặc hiệu nghĩa là chưa xác định rõ nguyên nhân, nhưng mức độ nhẹ nên chưa đáng lo."
kết quả ghi mô trong giới hạn bình thường là sao,giai_thich_ket_qua,"Đây là kết quả tốt vì mọi thứ vẫn nằm trong giới hạn bình thường."

kết quả ghi dị dạng nhân tế bào nghĩa là gì,giai_thich_ket_qua,"Dị dạng nhân cho thấy phần nhân của tế bào có hình dạng không bình thường, đây là dấu hiệu cần được đánh giá thêm chứ chưa kết luận ngay."
kết quả ghi tăng sắc tố nhân là sao,giai_thich_ket_qua,"Tăng sắc tố nhân nghĩa là nhân tế bào đậm màu hơn, thường phản ánh hoạt động bất thường của tế bào."
kết quả ghi phân bố tế bào không đồng đều là gì,giai_thich_ket_qua,"Điều này cho thấy các tế bào không sắp xếp theo trật tự như bình thường, bác sĩ sẽ dựa vào đó để đánh giá thêm."
kết quả ghi tăng tỉ lệ nhân so với bào tương là sao,giai_thich_ket_qua,"Tỉ lệ nhân lớn hơn bình thường thường gặp ở tế bào có hoạt động mạnh, cần xem xét thêm để xác định bản chất."
kết quả ghi nhiều hình ảnh phân bào bất thường là gì,giai_thich_ket_qua,"Phân bào bất thường cho thấy tế bào đang nhân lên không theo quy luật, đây là dấu hiệu quan trọng cần được đánh giá kỹ."

kết quả ghi chất nền mô thay đổi là sao,giai_thich_ket_qua,"Chất nền thay đổi nghĩa là môi trường xung quanh tế bào đã khác đi, thường do ảnh hưởng của bệnh lý."
kết quả ghi mô có hiện tượng thoái triển là gì,giai_thich_ket_qua,"Thoái triển là khi tổn thương có xu hướng giảm dần, đây thường là dấu hiệu tích cực."
kết quả ghi tăng sinh không điển hình là sao,giai_thich_ket_qua,"Tăng sinh không điển hình là sự phát triển tế bào nhưng không theo cấu trúc bình thường, cần theo dõi thêm."
kết quả ghi mô có vùng chuyển tiếp bất thường là gì,giai_thich_ket_qua,"Vùng chuyển tiếp bất thường cho thấy ranh giới giữa hai loại mô không rõ ràng, cần đánh giá kỹ hơn."
kết quả ghi cấu trúc mô bị rối loạn là sao,giai_thich_ket_qua,"Rối loạn cấu trúc nghĩa là mô không còn tổ chức bình thường, đây là dấu hiệu cần được phân tích thêm."

kết quả ghi tế bào có nhân chia thùy là gì,giai_thich_ket_qua,"Nhân chia thùy thường liên quan đến phản ứng viêm hoặc hoạt động miễn dịch trong mô."
kết quả ghi mô có vùng thiếu máu là sao,giai_thich_ket_qua,"Thiếu máu cục bộ khiến mô không nhận đủ oxy, điều này có thể dẫn đến tổn thương tế bào."
kết quả ghi có hiện tượng tái cấu trúc mô là gì,giai_thich_ket_qua,"Tái cấu trúc là quá trình mô thay đổi để thích nghi hoặc hồi phục sau tổn thương."
kết quả ghi mô có dấu hiệu xơ cứng là sao,giai_thich_ket_qua,"Xơ cứng nghĩa là mô trở nên cứng hơn do tích tụ mô xơ, thường xảy ra trong bệnh mạn tính."
kết quả ghi tế bào mất cực tính là gì,giai_thich_ket_qua,"Mất cực tính là khi tế bào không còn định hướng bình thường, đây là dấu hiệu quan trọng trong đánh giá mô học."

kết quả ghi xuất hiện tế bào đa nhân là sao,giai_thich_ket_qua,"Tế bào đa nhân thường xuất hiện khi có phản ứng đặc biệt của mô, như viêm hoặc nhiễm trùng."
kết quả ghi mô có phản ứng tăng sinh sợi là gì,giai_thich_ket_qua,"Tăng sinh sợi là khi mô liên kết phát triển nhiều hơn, thường liên quan đến quá trình sửa chữa tổn thương."
kết quả ghi có lắng đọng chất bất thường là sao,giai_thich_ket_qua,"Lắng đọng chất có thể do rối loạn chuyển hóa hoặc bệnh lý, cần xác định loại chất cụ thể."
kết quả ghi mô có dấu hiệu co rút là gì,giai_thich_ket_qua,"Co rút mô thường xảy ra khi mô bị tổn thương lâu dài và mất tính đàn hồi."
kết quả ghi cấu trúc tuyến bị biến dạng là sao,giai_thich_ket_qua,"Biến dạng tuyến cho thấy cấu trúc bình thường đã thay đổi, cần đánh giá thêm nguyên nhân."

kết quả ghi mô có vùng tăng sinh không đồng đều là gì,giai_thich_ket_qua,"Tăng sinh không đồng đều nghĩa là một số vùng phát triển nhiều hơn vùng khác, đây là dấu hiệu cần theo dõi."
kết quả ghi có hiện tượng gián đoạn cấu trúc là sao,giai_thich_ket_qua,"Gián đoạn cấu trúc cho thấy mô không liên tục, thường do tổn thương hoặc phá hủy."
kết quả ghi tế bào có hình dạng bất thường rõ rệt là gì,giai_thich_ket_qua,"Hình dạng bất thường rõ rệt là dấu hiệu quan trọng giúp bác sĩ đánh giá mức độ thay đổi của mô."
kết quả ghi mô có phản ứng sửa chữa là sao,giai_thich_ket_qua,"Phản ứng sửa chữa cho thấy cơ thể đang cố gắng hồi phục vùng tổn thương."
kết quả ghi mô có vùng tăng sinh khu trú là gì,giai_thich_ket_qua,"Tăng sinh khu trú nghĩa là chỉ một vùng nhỏ có sự phát triển tế bào, thường dễ kiểm soát hơn."

kết quả ghi có sự thay đổi tính chất tế bào là sao,giai_thich_ket_qua,"Thay đổi tính chất tế bào cho thấy tế bào không còn hoạt động như bình thường, cần đánh giá thêm."
kết quả ghi mô có biểu hiện thích nghi là gì,giai_thich_ket_qua,"Thích nghi là phản ứng của mô để đáp ứng với điều kiện bất thường, thường chưa phải bệnh nặng."
kết quả ghi xuất hiện cấu trúc bất thường mới là sao,giai_thich_ket_qua,"Cấu trúc mới bất thường cần được xem xét để xác định là lành hay ác."
kết quả ghi mô có dấu hiệu thoái hóa tiến triển là gì,giai_thich_ket_qua,"Thoái hóa tiến triển cho thấy tình trạng có thể xấu đi theo thời gian nếu không kiểm soát."
kết quả ghi tế bào mất liên kết là sao,giai_thich_ket_qua,"Mất liên kết giữa các tế bào có thể khiến mô kém ổn định hơn, cần đánh giá thêm."

kết quả ghi mô có sự thay đổi vi cấu trúc là gì,giai_thich_ket_qua,"Vi cấu trúc thay đổi nghĩa là những chi tiết nhỏ trong mô đã khác đi, thường cần soi kỹ để đánh giá."
kết quả ghi xuất hiện khoảng trống bất thường là sao,giai_thich_ket_qua,"Khoảng trống có thể do thoái hóa hoặc tổn thương, cần xác định nguyên nhân cụ thể."
kết quả ghi mô có dấu hiệu phân tầng bất thường là gì,giai_thich_ket_qua,"Phân tầng bất thường cho thấy các lớp tế bào không còn sắp xếp đúng như bình thường."
kết quả ghi mô có vùng tăng sinh lan tỏa là sao,giai_thich_ket_qua,"Lan tỏa nghĩa là nhiều vùng bị ảnh hưởng, cần theo dõi kỹ hơn so với khu trú."
kết quả ghi tế bào có nhân lớn không đều là gì,giai_thich_ket_qua,"Nhân lớn và không đều là dấu hiệu tế bào có sự thay đổi, bác sĩ sẽ đánh giá thêm các yếu tố khác."

kết quả ghi mô có phản ứng viêm đặc hiệu là sao,giai_thich_ket_qua,"Phản ứng đặc hiệu thường gợi ý một nguyên nhân cụ thể, như nhiễm trùng hoặc bệnh lý nhất định."
kết quả ghi mô có biểu hiện tăng sinh phản ứng là gì,giai_thich_ket_qua,"Tăng sinh phản ứng là khi mô phát triển để đáp lại kích thích, thường không phải ung thư."
kết quả ghi có dấu hiệu phá hủy mô là sao,giai_thich_ket_qua,"Phá hủy mô cho thấy tổn thương đã ảnh hưởng đến cấu trúc, cần tìm nguyên nhân."
kết quả ghi mô có vùng biệt lập là gì,giai_thich_ket_qua,"Vùng biệt lập là khu vực mô tách biệt với phần xung quanh, cần đánh giá thêm tính chất."
kết quả ghi tế bào có biểu hiện hoạt hóa là sao,giai_thich_ket_qua,"Hoạt hóa tế bào nghĩa là chúng đang phản ứng mạnh, thường gặp trong viêm."

kết quả ghi mô có dấu hiệu quá sản là gì,giai_thich_ket_qua,"Quá sản là sự tăng số lượng tế bào, có thể là lành tính nhưng cần theo dõi."
kết quả ghi mô có hiện tượng tái sắp xếp là sao,giai_thich_ket_qua,"Tái sắp xếp là khi cấu trúc mô thay đổi để thích nghi hoặc phục hồi."
kết quả ghi xuất hiện tế bào lạ là gì,giai_thich_ket_qua,"Tế bào lạ nghĩa là không giống mô bình thường tại vị trí đó, cần kiểm tra kỹ hơn."
kết quả ghi mô có dấu hiệu mất ổn định là sao,giai_thich_ket_qua,"Mất ổn định cho thấy mô dễ thay đổi, bác sĩ sẽ theo dõi tiến triển."
kết quả ghi có sự thay đổi hình thái rõ rệt là gì,giai_thich_ket_qua,"Hình thái thay đổi rõ rệt giúp bác sĩ nhận diện mức độ bất thường của mô."

kết quả ghi mô có dấu hiệu thích nghi kéo dài là sao,giai_thich_ket_qua,"Thích nghi kéo dài cho thấy mô đã chịu tác động trong thời gian dài."
kết quả ghi tế bào có biểu hiện biến đổi chức năng là gì,giai_thich_ket_qua,"Biến đổi chức năng nghĩa là tế bào không còn hoạt động như trước, cần đánh giá thêm."
kết quả ghi mô có phản ứng tăng sinh khuếch tán là sao,giai_thich_ket_qua,"Khuếch tán nghĩa là lan rộng, cần theo dõi để tránh tiến triển."
kết quả ghi mô có dấu hiệu bất thường tiến triển là gì,giai_thich_ket_qua,"Tiến triển nghĩa là thay đổi đang diễn ra, cần được kiểm soát sớm."
kết quả ghi mô có đặc điểm không đồng nhất là sao,giai_thich_ket_qua,"Không đồng nhất nghĩa là các vùng trong mô khác nhau, bác sĩ sẽ dựa vào đó để phân tích thêm."


sinh thiết dạ dày bao lâu có kết quả,thoi_gian_sinh_thiet,"Kết quả sinh thiết dạ dày thường có sau khoảng 3–5 ngày, nếu cần làm thêm xét nghiệm thì có thể kéo dài đến 7 ngày."
sinh thiết đại tràng bao lâu có kết quả,thoi_gian_sinh_thiet,"Sinh thiết đại tràng thường trả kết quả trong khoảng 3–5 ngày, tùy vào số lượng mẫu cần phân tích."
sinh thiết tuyến giáp bao lâu có kết quả,thoi_gian_sinh_thiet,"Kết quả sinh thiết tuyến giáp thường có sau 2–4 ngày, nhưng có thể lâu hơn nếu cần đánh giá thêm."
sinh thiết vú bao lâu có kết quả,thoi_gian_sinh_thiet,"Sinh thiết vú thường có kết quả trong khoảng 3–5 ngày, một số trường hợp có thể đến 7 ngày."
sinh thiết gan bao lâu có kết quả,thoi_gian_sinh_thiet,"Sinh thiết gan thường cần khoảng 5–7 ngày để có kết quả đầy đủ."

sinh thiết phổi bao lâu có kết quả,thoi_gian_sinh_thiet,"Sinh thiết phổi thường mất khoảng 5–7 ngày, do cần phân tích kỹ hơn so với một số loại khác."
sinh thiết hạch bao lâu có kết quả,thoi_gian_sinh_thiet,"Kết quả sinh thiết hạch thường có sau khoảng 3–5 ngày, nếu cần xét nghiệm thêm có thể kéo dài hơn."
sinh thiết da bao lâu có kết quả,thoi_gian_sinh_thiet,"Sinh thiết da thường có kết quả khá nhanh, khoảng 2–4 ngày là có thể biết."
sinh thiết cổ tử cung bao lâu có kết quả,thoi_gian_sinh_thiet,"Sinh thiết cổ tử cung thường có kết quả trong khoảng 3–5 ngày."
sinh thiết có lâu không,thoi_gian_sinh_thiet,"Thông thường bạn sẽ nhận kết quả trong khoảng 3–5 ngày, nhưng có thể kéo dài đến 7–10 ngày nếu cần xét nghiệm bổ sung."

làm sinh thiết mất bao lâu,thoi_gian_sinh_thiet,"Thủ thuật lấy mẫu thường chỉ mất khoảng 10–30 phút, nhưng thời gian chờ kết quả sẽ khoảng vài ngày."
có thể lấy kết quả sinh thiết trong ngày không,thoi_gian_sinh_thiet,"Thông thường không có trong ngày, vì cần ít nhất 2–3 ngày để xử lý và phân tích mẫu."
tại sao sinh thiết lại lâu có kết quả,thoi_gian_sinh_thiet,"Do mẫu cần xử lý và nhuộm trước khi đọc dưới kính hiển vi nên thường mất khoảng 3–5 ngày hoặc lâu hơn."
bao lâu thì có kết quả chính xác,thoi_gian_sinh_thiet,"Kết quả chính xác thường có sau 3–5 ngày, nhưng nếu làm thêm xét nghiệm thì có thể mất 7–10 ngày."
thời gian chờ kết quả sinh thiết có lâu không,thoi_gian_sinh_thiet,"Thời gian chờ thường khoảng 3–5 ngày, không quá lâu, nhưng có thể kéo dài hơn trong một số trường hợp."

làm ihc mất bao lâu,thoi_gian_sinh_thiet,"Nếu cần làm hóa mô miễn dịch thì thường mất thêm khoảng 2–5 ngày sau kết quả ban đầu."
có thể trả kết quả nhanh hơn không,thoi_gian_sinh_thiet,"Một số trường hợp có thể làm nhanh trong 1–2 ngày, nhưng vẫn cần đảm bảo độ chính xác của kết quả."
tại sao có người nhận kết quả sớm hơn,thoi_gian_sinh_thiet,"Thời gian có thể khác nhau tùy loại mẫu, có trường hợp đơn giản chỉ mất 2–3 ngày."
kết quả sinh thiết có bị trễ không,thoi_gian_sinh_thiet,"Đôi khi có thể trễ thêm vài ngày nếu cần kiểm tra kỹ hoặc làm thêm xét nghiệm bổ sung."
khi nào nên hỏi lại kết quả sinh thiết,thoi_gian_sinh_thiet,"Nếu sau 5–7 ngày mà chưa có kết quả, bạn nên liên hệ lại để được kiểm tra tiến độ."

sinh thiết dạ dày giá bao nhiêu,chi_phi_sinh_thiet,"Chi phí sinh thiết dạ dày thường dao động khoảng 500.000 đến 1.500.000 đồng, tùy vào cơ sở và có làm thêm xét nghiệm hay không."
sinh thiết đại tràng hết bao nhiêu tiền,chi_phi_sinh_thiet,"Sinh thiết đại tràng thường có giá khoảng 700.000 đến 2.000.000 đồng, tùy vào số lượng mẫu và kỹ thuật thực hiện."
sinh thiết tuyến giáp giá bao nhiêu,chi_phi_sinh_thiet,"Sinh thiết tuyến giáp thường dao động khoảng 500.000 đến 1.200.000 đồng, tùy phương pháp chọc hút hay sinh thiết lõi."
sinh thiết vú chi phí khoảng bao nhiêu,chi_phi_sinh_thiet,"Chi phí sinh thiết vú thường nằm trong khoảng 1.000.000 đến 3.000.000 đồng, tùy vào kỹ thuật thực hiện."
sinh thiết gan hết bao nhiêu tiền,chi_phi_sinh_thiet,"Sinh thiết gan có thể dao động từ 2.000.000 đến 5.000.000 đồng do kỹ thuật phức tạp hơn."

sinh thiết phổi giá bao nhiêu,chi_phi_sinh_thiet,"Sinh thiết phổi thường có chi phí khoảng 3.000.000 đến 7.000.000 đồng, tùy phương pháp nội soi hay xuyên thành ngực."
sinh thiết hạch hết bao nhiêu tiền,chi_phi_sinh_thiet,"Sinh thiết hạch thường có giá khoảng 800.000 đến 2.500.000 đồng tùy vị trí và cách lấy mẫu."
sinh thiết da giá bao nhiêu,chi_phi_sinh_thiet,"Sinh thiết da thường có chi phí thấp hơn, khoảng 300.000 đến 1.000.000 đồng."
sinh thiết cổ tử cung giá bao nhiêu,chi_phi_sinh_thiet,"Sinh thiết cổ tử cung thường dao động khoảng 500.000 đến 1.500.000 đồng."
sinh thiết dạ dày có đắt không,chi_phi_sinh_thiet,"Chi phí thường không quá cao, khoảng 500.000 đến 1.500.000 đồng nên bạn có thể yên tâm phần nào."

làm sinh thiết có tốn kém không,chi_phi_sinh_thiet,"Nhìn chung chi phí sinh thiết dao động từ vài trăm nghìn đến vài triệu đồng tùy loại, nên không phải quá đắt trong đa số trường hợp."
tại sao sinh thiết lại đắt,chi_phi_sinh_thiet,"Chi phí có thể từ 1.000.000 đến vài triệu đồng vì bao gồm cả lấy mẫu và phân tích trong phòng xét nghiệm."
chi phí sinh thiết có cố định không,chi_phi_sinh_thiet,"Chi phí thường dao động từ khoảng 500.000 đến vài triệu đồng tùy loại xét nghiệm và cơ sở thực hiện."
có phát sinh thêm chi phí gì không,chi_phi_sinh_thiet,"Nếu làm thêm xét nghiệm như IHC thì có thể phát sinh thêm từ 500.000 đến vài triệu đồng."
có cần đóng thêm tiền sau sinh thiết không,chi_phi_sinh_thiet,"Một số trường hợp có thể phát sinh thêm chi phí nếu cần làm xét nghiệm bổ sung khoảng vài trăm nghìn đến vài triệu đồng."

làm ihc có tốn tiền không,chi_phi_sinh_thiet,"Hóa mô miễn dịch thường có chi phí khoảng 500.000 đến 2.000.000 đồng mỗi marker tùy loại."
chi phí ihc khoảng bao nhiêu,chi_phi_sinh_thiet,"Chi phí IHC thường dao động từ 500.000 đến 2.000.000 đồng cho mỗi dấu ấn xét nghiệm."
làm thêm xét nghiệm có tăng giá không,chi_phi_sinh_thiet,"Mỗi xét nghiệm bổ sung có thể làm tăng chi phí thêm từ vài trăm nghìn đến vài triệu đồng."
có thể chọn gói xét nghiệm rẻ hơn không,chi_phi_sinh_thiet,"Bạn có thể trao đổi với bác sĩ để chọn phương án phù hợp chi phí, thường không phải làm tất cả xét nghiệm."
tổng chi phí sinh thiết khoảng bao nhiêu,chi_phi_sinh_thiet,"Tổng chi phí thường dao động từ khoảng 1.000.000 đến 5.000.000 đồng tùy loại sinh thiết và xét nghiệm đi kèm."

sinh thiết dạ dày là gì,tu_van_sinh_thiet,"Sinh thiết dạ dày là thủ thuật lấy một mẫu niêm mạc để kiểm tra tổn thương. Thủ thuật thường diễn ra trong khoảng 10–20 phút. Kết quả thường có sau 3–5 ngày, nếu cần xét nghiệm thêm có thể đến 7 ngày. Chi phí thường dao động khoảng 500.000 đến 1.500.000 đồng. Đây là thủ thuật khá an toàn nên bạn không cần quá lo."
làm sinh thiết dạ dày có nguy hiểm không,tu_van_sinh_thiet,"Sinh thiết dạ dày là thủ thuật tương đối an toàn và thường chỉ gây khó chịu nhẹ. Thời gian thực hiện khoảng 10–20 phút, kết quả có sau 3–5 ngày. Chi phí dao động khoảng 500.000 đến 1.500.000 đồng. Bạn chỉ cần theo dõi nhẹ sau khi làm là được."
tư vấn sinh thiết dạ dày,tu_van_sinh_thiet,"Sinh thiết dạ dày giúp xác định chính xác tình trạng viêm hoặc tổn thương. Thủ thuật khá nhanh, khoảng 10–20 phút. Kết quả thường có sau 3–5 ngày. Chi phí khoảng 500.000 đến 1.500.000 đồng. Đây là phương pháp an toàn và được sử dụng rất phổ biến."

sinh thiết đại tràng là gì,tu_van_sinh_thiet,"Sinh thiết đại tràng là thủ thuật lấy mẫu niêm mạc ruột để kiểm tra polyp hoặc tổn thương. Thực hiện trong khoảng 15–30 phút. Kết quả thường có sau 3–5 ngày. Chi phí dao động khoảng 700.000 đến 2.000.000 đồng. Thủ thuật khá an toàn."
làm sinh thiết đại tràng có sao không,tu_van_sinh_thiet,"Sinh thiết đại tràng thường an toàn và ít biến chứng. Thời gian thực hiện khoảng 15–30 phút. Kết quả có sau 3–5 ngày. Chi phí khoảng 700.000 đến 2.000.000 đồng. Bạn có thể yên tâm khi thực hiện."
tư vấn sinh thiết đại tràng,tu_van_sinh_thiet,"Sinh thiết đại tràng giúp phát hiện sớm các tổn thương như polyp hoặc viêm. Thời gian làm khoảng 15–30 phút. Kết quả có sau 3–5 ngày. Chi phí dao động khoảng 700.000 đến 2.000.000 đồng."

sinh thiết phổi là gì,tu_van_sinh_thiet,"Sinh thiết phổi là thủ thuật lấy mẫu mô phổi để xác định chính xác tổn thương. Thời gian thực hiện khoảng 20–30 phút. Kết quả thường có sau 5–7 ngày, có thể đến 10 ngày nếu cần xét nghiệm thêm. Chi phí khoảng 3.000.000 đến 7.000.000 đồng. Đây là thủ thuật cần theo dõi kỹ nhưng vẫn khá an toàn."
sinh thiết phổi có nguy hiểm không,tu_van_sinh_thiet,"Sinh thiết phổi có độ an toàn cao nhưng do vị trí đặc biệt nên sẽ được theo dõi kỹ sau khi làm. Thời gian thực hiện khoảng 20–30 phút. Kết quả có sau 5–7 ngày. Chi phí khoảng 3.000.000 đến 7.000.000 đồng."
tư vấn sinh thiết phổi,tu_van_sinh_thiet,"Sinh thiết phổi giúp xác định rõ bản chất tổn thương. Thời gian làm khoảng 20–30 phút. Kết quả thường có sau 5–7 ngày. Chi phí dao động khoảng 3.000.000 đến 7.000.000 đồng. Bạn sẽ được theo dõi cẩn thận sau thủ thuật."

sinh thiết gan là gì,tu_van_sinh_thiet,"Sinh thiết gan là phương pháp lấy mẫu mô gan để đánh giá tổn thương. Thủ thuật thường mất khoảng 20–30 phút. Kết quả có sau 5–7 ngày. Chi phí khoảng 2.000.000 đến 5.000.000 đồng. Đây là thủ thuật an toàn nếu thực hiện đúng quy trình."
sinh thiết gan có nguy hiểm không,tu_van_sinh_thiet,"Sinh thiết gan có thể gây khó chịu nhẹ nhưng nhìn chung khá an toàn. Thời gian thực hiện khoảng 20–30 phút. Kết quả có sau 5–7 ngày. Chi phí dao động khoảng 2.000.000 đến 5.000.000 đồng."
tư vấn sinh thiết gan,tu_van_sinh_thiet,"Sinh thiết gan giúp đánh giá chính xác mức độ tổn thương gan. Thời gian làm khoảng 20–30 phút. Kết quả có sau 5–7 ngày. Chi phí khoảng 2.000.000 đến 5.000.000 đồng."

sinh thiết vú là gì,tu_van_sinh_thiet,"Sinh thiết vú là thủ thuật lấy mẫu mô vú để kiểm tra khối u. Thời gian thực hiện khoảng 15–30 phút. Kết quả có sau 3–5 ngày. Chi phí khoảng 1.000.000 đến 3.000.000 đồng. Đây là phương pháp an toàn và rất thường dùng."
sinh thiết vú có đau không,tu_van_sinh_thiet,"Sinh thiết vú thường chỉ gây khó chịu nhẹ do có gây tê. Thời gian thực hiện khoảng 15–30 phút. Kết quả có sau 3–5 ngày. Chi phí khoảng 1.000.000 đến 3.000.000 đồng."
tư vấn sinh thiết vú,tu_van_sinh_thiet,"Sinh thiết vú giúp xác định rõ khối u là lành hay ác. Thủ thuật diễn ra trong khoảng 15–30 phút. Kết quả có sau 3–5 ngày. Chi phí khoảng 1.000.000 đến 3.000.000 đồng."

sinh thiết tuyến giáp là gì,tu_van_sinh_thiet,"Sinh thiết tuyến giáp thường là chọc hút tế bào bằng kim nhỏ để kiểm tra khối u. Thời gian thực hiện khoảng 10–15 phút. Kết quả có sau 2–4 ngày. Chi phí khoảng 500.000 đến 1.200.000 đồng."
sinh thiết tuyến giáp có nguy hiểm không,tu_van_sinh_thiet,"Đây là thủ thuật rất an toàn và ít biến chứng. Thời gian làm khoảng 10–15 phút. Kết quả có sau 2–4 ngày. Chi phí khoảng 500.000 đến 1.200.000 đồng."
tư vấn sinh thiết tuyến giáp,tu_van_sinh_thiet,"Sinh thiết tuyến giáp giúp xác định bản chất của nhân giáp. Thời gian thực hiện khoảng 10–15 phút. Kết quả có sau 2–4 ngày. Chi phí khoảng 500.000 đến 1.200.000 đồng."

sinh thiết hạch là gì,tu_van_sinh_thiet,"Sinh thiết hạch là thủ thuật lấy mẫu hạch để kiểm tra nguyên nhân sưng hạch. Thời gian thực hiện khoảng 15–30 phút. Kết quả có sau 3–5 ngày. Chi phí khoảng 800.000 đến 2.500.000 đồng."
sinh thiết hạch có nguy hiểm không,tu_van_sinh_thiet,"Thủ thuật này khá an toàn và thường chỉ gây khó chịu nhẹ. Thời gian làm khoảng 15–30 phút. Kết quả có sau 3–5 ngày. Chi phí khoảng 800.000 đến 2.500.000 đồng."
tư vấn sinh thiết hạch,tu_van_sinh_thiet,"Sinh thiết hạch giúp xác định nguyên nhân sưng hạch chính xác. Thời gian khoảng 15–30 phút. Kết quả có sau 3–5 ngày. Chi phí khoảng 800.000 đến 2.500.000 đồng."

sinh thiết da là gì,tu_van_sinh_thiet,"Sinh thiết da là thủ thuật lấy một mẫu da nhỏ để kiểm tra tổn thương. Thời gian thực hiện khoảng 5–10 phút. Kết quả có sau 2–4 ngày. Chi phí khoảng 300.000 đến 1.000.000 đồng."
sinh thiết da có nguy hiểm không,tu_van_sinh_thiet,"Sinh thiết da rất đơn giản và an toàn, ít biến chứng. Thời gian làm khoảng 5–10 phút. Kết quả có sau 2–4 ngày. Chi phí khoảng 300.000 đến 1.000.000 đồng."
tư vấn sinh thiết da,tu_van_sinh_thiet,"Sinh thiết da giúp chẩn đoán chính xác các bệnh lý da. Thời gian thực hiện nhanh, khoảng 5–10 phút. Kết quả có sau 2–4 ngày. Chi phí khoảng 300.000 đến 1.000.000 đồng."

kết quả viêm dạ dày thì điều trị thế nào,dieu_tri_sau_xet_nghiem,"Nếu là viêm dạ dày, bác sĩ thường sẽ cho dùng thuốc giảm tiết acid và điều chỉnh chế độ ăn uống, đồng thời theo dõi thêm nếu cần."
viêm đại tràng điều trị ra sao,dieu_tri_sau_xet_nghiem,"Viêm đại tràng thường được điều trị bằng thuốc chống viêm kết hợp với chế độ ăn phù hợp và theo dõi định kỳ."
u tuyến giáp lành tính thì có cần điều trị không,dieu_tri_sau_xet_nghiem,"Nếu u tuyến giáp lành tính, thường chỉ cần theo dõi định kỳ, chưa cần can thiệp ngay nếu không có triệu chứng."
kết quả polyp đại tràng thì xử lý thế nào,dieu_tri_sau_xet_nghiem,"Polyp đại tràng thường được cắt bỏ trong nội soi và theo dõi lại sau một thời gian."
viêm gan mạn tính điều trị như thế nào,dieu_tri_sau_xet_nghiem,"Viêm gan mạn tính thường cần điều trị lâu dài bằng thuốc và theo dõi chức năng gan định kỳ."

kết quả ung thư dạ dày thì điều trị ra sao,dieu_tri_sau_xet_nghiem,"Với ung thư dạ dày, bác sĩ sẽ đánh giá giai đoạn để lựa chọn phẫu thuật, hóa trị hoặc kết hợp nhiều phương pháp."
ung thư phổi điều trị thế nào,dieu_tri_sau_xet_nghiem,"Điều trị ung thư phổi phụ thuộc vào giai đoạn, có thể bao gồm phẫu thuật, hóa trị, xạ trị hoặc điều trị nhắm trúng đích."
ung thư vú điều trị ra sao,dieu_tri_sau_xet_nghiem,"Ung thư vú thường được điều trị bằng phẫu thuật kết hợp hóa trị, xạ trị hoặc nội tiết tùy từng trường hợp."
u lành tính có cần mổ không,dieu_tri_sau_xet_nghiem,"U lành tính thường không cần mổ nếu không gây triệu chứng, bác sĩ sẽ cân nhắc theo dõi hoặc can thiệp nếu cần."
kết quả sinh thiết âm tính thì có cần điều trị không,dieu_tri_sau_xet_nghiem,"Nếu kết quả âm tính, thường chưa cần điều trị đặc hiệu, nhưng vẫn nên theo dõi nếu còn triệu chứng."

loạn sản nhẹ điều trị như thế nào,dieu_tri_sau_xet_nghiem,"Loạn sản nhẹ thường chưa cần điều trị ngay, bác sĩ sẽ theo dõi định kỳ để đánh giá tiến triển."
loạn sản nặng thì phải làm gì,dieu_tri_sau_xet_nghiem,"Loạn sản nặng thường cần can thiệp sớm, có thể bằng phẫu thuật hoặc thủ thuật loại bỏ tổn thương."
viêm cổ tử cung điều trị ra sao,dieu_tri_sau_xet_nghiem,"Viêm cổ tử cung thường được điều trị bằng thuốc và kết hợp vệ sinh, theo dõi lại sau điều trị."
HPV dương tính thì điều trị thế nào,dieu_tri_sau_xet_nghiem,"HPV dương tính không phải lúc nào cũng cần điều trị ngay, bác sĩ sẽ theo dõi và xử lý nếu có tổn thương."
u xơ tử cung có cần điều trị không,dieu_tri_sau_xet_nghiem,"U xơ tử cung thường chỉ cần theo dõi nếu nhỏ, can thiệp khi có triệu chứng hoặc kích thước lớn."

kết quả viêm phổi thì điều trị ra sao,dieu_tri_sau_xet_nghiem,"Viêm phổi thường được điều trị bằng thuốc kháng sinh hoặc thuốc hỗ trợ tùy nguyên nhân."
tổn thương phổi lành tính có cần điều trị không,dieu_tri_sau_xet_nghiem,"Nếu là tổn thương lành tính, thường chỉ cần theo dõi định kỳ và không cần điều trị ngay."
u phổi nghi ngờ thì làm gì tiếp,dieu_tri_sau_xet_nghiem,"Trường hợp nghi ngờ, bác sĩ có thể chỉ định thêm xét nghiệm hoặc theo dõi sát để xác định rõ."
kết quả sinh thiết nghi ung thư thì điều trị thế nào,dieu_tri_sau_xet_nghiem,"Nếu nghi ngờ ung thư, bác sĩ sẽ làm thêm xét nghiệm trước khi đưa ra hướng điều trị cụ thể."
di căn thì điều trị ra sao,dieu_tri_sau_xet_nghiem,"Khi có di căn, điều trị thường kết hợp nhiều phương pháp như hóa trị, xạ trị hoặc điều trị toàn thân."

kết quả tăng sinh là gì và điều trị thế nào,dieu_tri_sau_xet_nghiem,"Tăng sinh thường chưa cần điều trị ngay, bác sĩ sẽ theo dõi để đánh giá nguy cơ tiến triển."
u nang có cần điều trị không,dieu_tri_sau_xet_nghiem,"U nang thường lành tính và chỉ cần theo dõi, can thiệp nếu gây triệu chứng."
kết quả xơ hóa thì xử lý ra sao,dieu_tri_sau_xet_nghiem,"Xơ hóa thường cần điều trị nguyên nhân và theo dõi để hạn chế tiến triển."
viêm mạn tính có chữa được không,dieu_tri_sau_xet_nghiem,"Viêm mạn tính có thể kiểm soát bằng thuốc và thay đổi lối sống, cần theo dõi lâu dài."
kết quả sinh thiết không rõ thì làm gì,dieu_tri_sau_xet_nghiem,"Nếu kết quả chưa rõ, bác sĩ có thể yêu cầu làm lại xét nghiệm hoặc theo dõi thêm."

có cần làm thêm xét nghiệm sau sinh thiết không,dieu_tri_sau_xet_nghiem,"Trong một số trường hợp, cần làm thêm xét nghiệm để xác định rõ chẩn đoán trước khi điều trị."
khi nào cần phẫu thuật sau sinh thiết,dieu_tri_sau_xet_nghiem,"Phẫu thuật thường được chỉ định khi xác định rõ tổn thương cần loại bỏ hoặc có nguy cơ cao."
khi nào chỉ cần theo dõi thôi,dieu_tri_sau_xet_nghiem,"Nếu tổn thương lành tính hoặc nhẹ, bác sĩ có thể chỉ định theo dõi định kỳ thay vì điều trị ngay."
có cần uống thuốc ngay sau sinh thiết không,dieu_tri_sau_xet_nghiem,"Không phải trường hợp nào cũng cần uống thuốc, điều này phụ thuộc vào kết quả cụ thể."
bao lâu thì bắt đầu điều trị,dieu_tri_sau_xet_nghiem,"Thời điểm điều trị phụ thuộc vào mức độ bệnh, có thể bắt đầu ngay hoặc theo dõi thêm."

điều trị ung thư có bắt buộc không,dieu_tri_sau_xet_nghiem,"Với ung thư, điều trị thường là cần thiết, nhưng phương án cụ thể sẽ được bác sĩ tư vấn kỹ."
có thể không điều trị không,dieu_tri_sau_xet_nghiem,"Một số trường hợp nhẹ hoặc lành tính có thể chưa cần điều trị mà chỉ theo dõi."
điều trị có khỏi hoàn toàn không,dieu_tri_sau_xet_nghiem,"Khả năng khỏi phụ thuộc vào loại bệnh và giai đoạn, bác sĩ sẽ đánh giá cụ thể cho bạn."
có cần nhập viện để điều trị không,dieu_tri_sau_xet_nghiem,"Không phải tất cả trường hợp đều cần nhập viện, nhiều bệnh có thể điều trị ngoại trú."
điều trị kéo dài bao lâu,dieu_tri_sau_xet_nghiem,"Thời gian điều trị phụ thuộc vào loại bệnh, có thể từ vài tuần đến dài hạn."

có cần kiêng gì khi điều trị không,dieu_tri_sau_xet_nghiem,"Tùy bệnh mà bác sĩ sẽ hướng dẫn chế độ ăn uống và sinh hoạt phù hợp."
có cần tái khám không,dieu_tri_sau_xet_nghiem,"Tái khám là rất quan trọng để theo dõi hiệu quả điều trị và phát hiện sớm bất thường."
có thể điều trị tại nhà không,dieu_tri_sau_xet_nghiem,"Một số trường hợp nhẹ có thể điều trị tại nhà theo hướng dẫn của bác sĩ."
có cần điều trị ngay không,dieu_tri_sau_xet_nghiem,"Không phải lúc nào cũng cần điều trị ngay, điều này phụ thuộc vào mức độ bệnh."
có thể trì hoãn điều trị không,dieu_tri_sau_xet_nghiem,"Một số trường hợp có thể trì hoãn và theo dõi, nhưng cần có chỉ định của bác sĩ."

sau điều trị có cần kiểm tra lại không,dieu_tri_sau_xet_nghiem,"Sau điều trị, bạn nên kiểm tra lại để đánh giá hiệu quả và đảm bảo bệnh không tiến triển."
có nguy cơ tái phát không,dieu_tri_sau_xet_nghiem,"Một số bệnh có nguy cơ tái phát nên cần theo dõi định kỳ."
có cần thay đổi lối sống không,dieu_tri_sau_xet_nghiem,"Thay đổi lối sống là rất quan trọng để hỗ trợ điều trị và phòng ngừa bệnh tái phát."
có cần ăn kiêng không,dieu_tri_sau_xet_nghiem,"Tùy từng bệnh mà bác sĩ sẽ tư vấn chế độ ăn phù hợp."
có cần dùng thuốc lâu dài không,dieu_tri_sau_xet_nghiem,"Một số bệnh cần dùng thuốc lâu dài để kiểm soát tình trạng bệnh."

